id_venta,fecha,dia_semana,semana,precio_unitario,descuento_pct,monto_venta,costo_unitario,ganancia,margen_pct,año,mes_numero,id_producto,id_canal,id_ciudad
1,2023-01-03 18:19:37.180995,Tuesday,1,45,0,45.0,18,27.0,60.0,2023,1,1,1,1
2,2023-01-04 00:21:42.562036,Wednesday,1,25,10,22.5,8,14.5,64.44,2023,1,2,2,2
3,2023-01-04 19:06:02.586531,Wednesday,1,25,0,25.0,8,17.0,68.0,2023,1,2,1,3
4,2023-01-06 00:31:05.391784,Friday,1,60,0,60.0,22,38.0,63.33,2023,1,3,3,4
5,2023-01-08 20:36:44.190016,Sunday,1,25,0,25.0,8,17.0,68.0,2023,1,2,1,2
6,2023-01-09 10:32:36.610779,Monday,2,60,0,60.0,22,38.0,63.33,2023,1,3,4,1
7,2023-01-10 01:22:00.876974,Tuesday,2,45,0,45.0,18,27.0,60.0,2023,1,1,3,3
8,2023-01-10 22:46:43.692016,Tuesday,2,45,0,45.0,18,27.0,60.0,2023,1,1,5,3
9,2023-01-12 05:44:21.167708,Thursday,2,60,5,57.0,22,35.0,61.4,2023,1,3,2,1
10,2023-01-13 16:57:19.605176,Friday,2,60,0,60.0,22,38.0,63.33,2023,1,3,3,1
11,2023-01-14 06:38:11.126824,Saturday,2,120,0,120.0,45,75.0,62.5,2023,1,4,1,3
12,2023-01-14 20:11:46.110178,Saturday,2,30,0,30.0,10,20.0,66.67,2023,1,5,3,1
13,2023-01-14 21:05:32.052677,Saturday,2,30,0,30.0,10,20.0,66.67,2023,1,5,1,3
14,2023-01-15 11:24:15.168015,Sunday,2,60,0,60.0,22,38.0,63.33,2023,1,3,2,3
15,2023-01-17 15:40:30.990725,Tuesday,3,45,0,45.0,18,27.0,60.0,2023,1,1,3,4
16,2023-01-18 03:50:52.977260,Wednesday,3,120,0,120.0,45,75.0,62.5,2023,1,4,1,3
17,2023-01-19 18:37:37.850498,Thursday,3,60,0,60.0,22,38.0,63.33,2023,1,3,1,2
18,2023-01-20 14:59:15.200997,Friday,3,30,0,30.0,10,20.0,66.67,2023,1,5,3,1
19,2023-01-21 03:21:59.609282,Saturday,3,60,0,60.0,22,38.0,63.33,2023,1,3,3,1
20,2023-01-21 09:24:38.395331,Saturday,3,60,0,60.0,22,38.0,63.33,2023,1,3,4,2
21,2023-01-23 05:42:36.812116,Monday,4,45,0,45.0,18,27.0,60.0,2023,1,1,4,1
22,2023-01-23 06:19:02.837761,Monday,4,120,0,120.0,45,75.0,62.5,2023,1,4,2,2
23,2023-01-25 16:39:30.217981,Wednesday,4,30,0,30.0,10,20.0,66.67,2023,1,5,1,2
24,2023-01-25 17:39:49.478590,Wednesday,4,60,0,60.0,22,38.0,63.33,2023,1,3,2,3
25,2023-01-26 02:49:07.035791,Thursday,4,45,10,40.5,18,22.5,55.56,2023,1,1,1,2
26,2023-01-26 08:41:10.349818,Thursday,4,60,0,60.0,22,38.0,63.33,2023,1,3,5,1
27,2023-01-29 02:34:39.202967,Sunday,4,30,5,28.5,10,18.5,64.91,2023,1,5,4,1
28,2023-01-29 05:14:14.187096,Sunday,4,45,0,45.0,18,27.0,60.0,2023,1,1,2,4
29,2023-02-01 17:07:39.553868,Wednesday,5,120,0,120.0,45,75.0,62.5,2023,2,4,2,2
30,2023-02-04 16:52:07.039733,Saturday,5,45,0,45.0,18,27.0,60.0,2023,2,1,5,2
31,2023-02-05 12:26:09.868125,Sunday,5,45,10,40.5,18,22.5,55.56,2023,2,1,1,4
32,2023-02-07 20:54:37.752005,Tuesday,6,120,0,120.0,45,75.0,62.5,2023,2,4,4,5
33,2023-02-08 12:43:58.317367,Wednesday,6,120,5,114.0,45,69.0,60.53,2023,2,4,2,4
34,2023-02-08 20:51:21.777922,Wednesday,6,30,5,28.5,10,18.5,64.91,2023,2,5,4,2
35,2023-02-10 10:16:52.018765,Friday,6,25,0,25.0,8,17.0,68.0,2023,2,2,1,4
36,2023-02-10 16:54:41.885207,Friday,6,30,0,30.0,10,20.0,66.67,2023,2,5,5,4
37,2023-02-12 00:44:41.058227,Sunday,6,45,0,45.0,18,27.0,60.0,2023,2,1,5,3
38,2023-02-12 20:05:32.715993,Sunday,6,45,0,45.0,18,27.0,60.0,2023,2,1,4,2
39,2023-02-15 22:34:12.364662,Wednesday,7,25,5,23.75,8,15.75,66.32,2023,2,2,4,3
40,2023-02-16 14:23:35.452602,Thursday,7,60,10,54.0,22,32.0,59.26,2023,2,3,5,4
41,2023-02-18 07:36:20.688798,Saturday,7,60,0,60.0,22,38.0,63.33,2023,2,3,3,5
42,2023-02-19 07:09:25.728455,Sunday,7,60,0,60.0,22,38.0,63.33,2023,2,3,1,2
43,2023-02-20 20:01:07.209583,Monday,8,45,5,42.75,18,24.75,57.89,2023,2,1,4,4
44,2023-02-21 03:30:50.967430,Tuesday,8,30,0,30.0,10,20.0,66.67,2023,2,5,4,5
45,2023-02-21 07:32:21.622829,Tuesday,8,45,5,42.75,18,24.75,57.89,2023,2,1,2,2
46,2023-02-21 13:34:50.007884,Tuesday,8,30,0,30.0,10,20.0,66.67,2023,2,5,3,5
47,2023-02-23 01:24:02.787740,Thursday,8,30,0,30.0,10,20.0,66.67,2023,2,5,5,3
48,2023-02-23 07:53:43.374983,Thursday,8,60,0,60.0,22,38.0,63.33,2023,2,3,5,2
49,2023-02-23 10:01:07.828215,Thursday,8,30,0,30.0,10,20.0,66.67,2023,2,5,2,2
50,2023-02-25 00:35:41.748179,Saturday,8,45,0,45.0,18,27.0,60.0,2023,2,1,1,3
51,2023-02-25 09:40:59.151779,Saturday,8,45,0,45.0,18,27.0,60.0,2023,2,1,6,2
52,2023-02-28 21:48:33.333553,Tuesday,9,60,0,60.0,22,38.0,63.33,2023,2,3,3,4
53,2023-03-02 02:07:13.508438,Thursday,9,25,0,25.0,8,17.0,68.0,2023,3,2,1,2
54,2023-03-03 22:57:25.280412,Friday,9,45,5,42.75,18,24.75,57.89,2023,3,1,5,4
55,2023-03-05 06:20:53.361662,Sunday,9,45,0,45.0,18,27.0,60.0,2023,3,1,5,2
56,2023-03-05 09:00:57.172329,Sunday,9,25,0,25.0,8,17.0,68.0,2023,3,2,2,1
57,2023-03-07 07:09:46.795592,Tuesday,10,45,0,45.0,18,27.0,60.0,2023,3,1,4,5
58,2023-03-07 10:42:56.784746,Tuesday,10,60,0,60.0,22,38.0,63.33,2023,3,3,2,5
59,2023-03-08 15:11:20.505862,Wednesday,10,25,0,25.0,8,17.0,68.0,2023,3,2,1,3
60,2023-03-11 09:00:03.448045,Saturday,10,45,0,45.0,18,27.0,60.0,2023,3,1,2,2
61,2023-03-17 02:04:28.027521,Friday,11,45,0,45.0,18,27.0,60.0,2023,3,1,3,3
62,2023-03-18 03:55:39.179944,Saturday,11,120,0,120.0,45,75.0,62.5,2023,3,4,1,2
63,2023-03-18 11:39:39.368374,Saturday,11,30,0,30.0,10,20.0,66.67,2023,3,5,2,2
64,2023-03-18 22:40:15.758649,Saturday,11,30,0,30.0,10,20.0,66.67,2023,3,5,2,2
65,2023-03-21 02:42:08.653980,Tuesday,12,60,15,51.0,22,29.0,56.86,2023,3,3,2,4
66,2023-03-27 04:09:07.900148,Monday,13,120,0,120.0,45,75.0,62.5,2023,3,4,5,3
67,2023-03-27 04:28:05.751688,Monday,13,120,0,120.0,45,75.0,62.5,2023,3,4,2,3
68,2023-03-27 09:57:03.625783,Monday,13,60,0,60.0,22,38.0,63.33,2023,3,3,2,4
69,2023-03-29 19:13:43.340790,Wednesday,13,30,0,30.0,10,20.0,66.67,2023,3,5,3,2
70,2023-03-30 00:38:37.493435,Thursday,13,45,0,45.0,18,27.0,60.0,2023,3,1,2,5
71,2023-03-30 05:58:57.610185,Thursday,13,60,0,60.0,22,38.0,63.33,2023,3,3,1,4
72,2023-03-30 23:05:33.836910,Thursday,13,30,15,25.5,10,15.5,60.78,2023,3,5,2,4
73,2023-04-03 13:01:58.629268,Monday,14,30,0,30.0,10,20.0,66.67,2023,4,5,1,2
74,2023-04-04 02:32:53.220474,Tuesday,14,120,0,120.0,45,75.0,62.5,2023,4,4,1,3
75,2023-04-05 13:38:14.291883,Wednesday,14,45,0,45.0,18,27.0,60.0,2023,4,1,2,3
76,2023-04-05 14:50:55.572750,Wednesday,14,30,0,30.0,10,20.0,66.67,2023,4,5,2,2
77,2023-04-06 04:53:51.668453,Thursday,14,45,0,45.0,18,27.0,60.0,2023,4,1,5,2
78,2023-04-07 16:51:30.034620,Friday,14,30,0,30.0,10,20.0,66.67,2023,4,5,2,3
79,2023-04-10 06:38:03.733015,Monday,15,45,0,45.0,18,27.0,60.0,2023,4,1,4,3
80,2023-04-11 03:19:57.709630,Tuesday,15,45,5,42.75,18,24.75,57.89,2023,4,1,4,2
81,2023-04-11 22:19:58.026743,Tuesday,15,45,0,45.0,18,27.0,60.0,2023,4,1,1,5
82,2023-04-12 20:08:18.817007,Wednesday,15,25,0,25.0,8,17.0,68.0,2023,4,2,4,2
83,2023-04-12 20:48:50.585913,Wednesday,15,25,0,25.0,8,17.0,68.0,2023,4,2,1,4
84,2023-04-17 14:27:50.803580,Monday,16,30,0,30.0,10,20.0,66.67,2023,4,5,6,5
85,2023-04-17 21:38:49.309004,Monday,16,120,0,120.0,45,75.0,62.5,2023,4,4,1,4
86,2023-04-18 00:09:33.944906,Tuesday,16,30,0,30.0,10,20.0,66.67,2023,4,5,2,4
87,2023-04-19 11:58:13.046966,Wednesday,16,45,0,45.0,18,27.0,60.0,2023,4,1,1,2
88,2023-04-20 00:31:30.869051,Thursday,16,60,5,57.0,22,35.0,61.4,2023,4,3,6,2
89,2023-04-26 22:29:30.142781,Wednesday,17,45,0,45.0,18,27.0,60.0,2023,4,1,2,5
90,2023-04-28 20:07:07.479547,Friday,17,120,0,120.0,45,75.0,62.5,2023,4,4,4,4
91,2023-05-02 06:30:02.694270,Tuesday,18,45,5,42.75,18,24.75,57.89,2023,5,1,1,1
92,2023-05-03 10:49:30.112216,Wednesday,18,120,0,120.0,45,75.0,62.5,2023,5,4,3,2
93,2023-05-04 16:00:02.297498,Thursday,18,45,0,45.0,18,27.0,60.0,2023,5,1,1,2
94,2023-05-05 10:51:44.531819,Friday,18,60,0,60.0,22,38.0,63.33,2023,5,3,5,2
95,2023-05-05 22:10:16.178168,Friday,18,30,0,30.0,10,20.0,66.67,2023,5,5,1,3
96,2023-05-10 12:54:43.353209,Wednesday,19,120,0,120.0,45,75.0,62.5,2023,5,4,1,2
97,2023-05-10 18:00:08.555315,Wednesday,19,45,15,38.25,18,20.25,52.94,2023,5,1,1,1
98,2023-05-11 19:13:08.455080,Thursday,19,30,0,30.0,10,20.0,66.67,2023,5,5,2,4
99,2023-05-13 01:13:56.711854,Saturday,19,120,0,120.0,45,75.0,62.5,2023,5,4,4,5
100,2023-05-13 03:53:32.200392,Saturday,19,30,0,30.0,10,20.0,66.67,2023,5,5,1,2
101,2023-05-14 05:14:25.032622,Sunday,19,25,0,25.0,8,17.0,68.0,2023,5,2,3,1
102,2023-05-16 06:16:00.791123,Tuesday,20,25,0,25.0,8,17.0,68.0,2023,5,2,2,3
103,2023-05-17 02:43:31.334761,Wednesday,20,30,0,30.0,10,20.0,66.67,2023,5,5,2,3
104,2023-05-17 15:10:58.575176,Wednesday,20,25,10,22.5,8,14.5,64.44,2023,5,2,2,1
105,2023-05-18 11:21:18.736184,Thursday,20,30,0,30.0,10,20.0,66.67,2023,5,5,2,3
106,2023-05-21 20:04:01.522486,Sunday,20,120,0,120.0,45,75.0,62.5,2023,5,4,4,4
107,2023-05-22 07:03:10.363992,Monday,21,45,0,45.0,18,27.0,60.0,2023,5,1,1,2
108,2023-05-25 19:12:42.573965,Thursday,21,45,0,45.0,18,27.0,60.0,2023,5,1,1,2
109,2023-05-28 20:59:08.953938,Sunday,21,120,0,120.0,45,75.0,62.5,2023,5,4,5,5
110,2023-05-29 03:45:27.764514,Monday,22,60,0,60.0,22,38.0,63.33,2023,5,3,5,4
111,2023-06-02 03:22:59.762484,Friday,22,30,5,28.5,10,18.5,64.91,2023,6,5,2,3
112,2023-06-02 20:15:13.628087,Friday,22,25,0,25.0,8,17.0,68.0,2023,6,2,1,4
113,2023-06-03 07:14:27.734730,Saturday,22,45,0,45.0,18,27.0,60.0,2023,6,1,4,2
114,2023-06-03 09:21:56.933796,Saturday,22,45,5,42.75,18,24.75,57.89,2023,6,1,2,2
115,2023-06-03 21:25:29.887070,Saturday,22,30,10,27.0,10,17.0,62.96,2023,6,5,1,3
116,2023-06-05 12:32:59.417960,Monday,23,30,0,30.0,10,20.0,66.67,2023,6,5,1,4
117,2023-06-06 10:50:11.644401,Tuesday,23,30,0,30.0,10,20.0,66.67,2023,6,5,3,2
118,2023-06-08 04:54:10.940335,Thursday,23,45,0,45.0,18,27.0,60.0,2023,6,1,4,4
119,2023-06-09 00:15:59.951359,Friday,23,120,15,102.0,45,57.0,55.88,2023,6,4,1,2
120,2023-06-09 12:15:48.507860,Friday,23,120,10,108.0,45,63.0,58.33,2023,6,4,1,4
121,2023-06-10 07:13:39.098071,Saturday,23,25,0,25.0,8,17.0,68.0,2023,6,2,1,2
122,2023-06-10 18:27:29.814047,Saturday,23,30,5,28.5,10,18.5,64.91,2023,6,5,4,3
123,2023-06-14 06:42:33.738620,Wednesday,24,45,0,45.0,18,27.0,60.0,2023,6,1,1,2
124,2023-06-16 02:47:25.266270,Friday,24,60,0,60.0,22,38.0,63.33,2023,6,3,1,4
125,2023-06-16 07:39:31.792492,Friday,24,25,0,25.0,8,17.0,68.0,2023,6,2,3,2
126,2023-06-19 19:06:44.437543,Monday,25,45,5,42.75,18,24.75,57.89,2023,6,1,1,2
127,2023-06-20 04:39:42.987872,Tuesday,25,120,0,120.0,45,75.0,62.5,2023,6,4,4,2
128,2023-06-21 15:19:14.793687,Wednesday,25,60,5,57.0,22,35.0,61.4,2023,6,3,1,4
129,2023-06-23 00:56:45.440044,Friday,25,120,5,114.0,45,69.0,60.53,2023,6,4,1,4
130,2023-06-23 15:07:03.129713,Friday,25,25,0,25.0,8,17.0,68.0,2023,6,2,1,2
131,2023-06-24 03:51:23.973730,Saturday,25,25,0,25.0,8,17.0,68.0,2023,6,2,3,3
132,2023-06-25 03:30:07.097003,Sunday,25,30,0,30.0,10,20.0,66.67,2023,6,5,5,1
133,2023-06-26 08:01:17.837120,Monday,26,120,0,120.0,45,75.0,62.5,2023,6,4,3,3
134,2023-06-26 11:15:04.396320,Monday,26,60,0,60.0,22,38.0,63.33,2023,6,3,2,2
135,2023-06-27 13:12:08.106619,Tuesday,26,45,0,45.0,18,27.0,60.0,2023,6,1,4,4
136,2023-06-27 15:07:43.155559,Tuesday,26,45,10,40.5,18,22.5,55.56,2023,6,1,1,2
137,2023-06-27 16:02:15.520845,Tuesday,26,30,0,30.0,10,20.0,66.67,2023,6,5,1,2
138,2023-06-30 16:05:15.783609,Friday,26,60,0,60.0,22,38.0,63.33,2023,6,3,5,5
139,2023-07-04 08:06:33.141863,Tuesday,27,120,0,120.0,45,75.0,62.5,2023,7,4,1,2
140,2023-07-04 13:05:18.727377,Tuesday,27,45,0,45.0,18,27.0,60.0,2023,7,1,1,4
141,2023-07-05 02:38:46.974848,Wednesday,27,30,0,30.0,10,20.0,66.67,2023,7,5,1,4
142,2023-07-06 05:20:00.470985,Thursday,27,30,0,30.0,10,20.0,66.67,2023,7,5,1,3
143,2023-07-10 16:02:32.156608,Monday,28,120,10,108.0,45,63.0,58.33,2023,7,4,1,4
144,2023-07-14 08:39:57.531766,Friday,28,60,0,60.0,22,38.0,63.33,2023,7,3,4,2
145,2023-07-14 18:53:44.134774,Friday,28,60,15,51.0,22,29.0,56.86,2023,7,3,2,2
146,2023-07-15 17:20:05.664639,Saturday,28,30,5,28.5,10,18.5,64.91,2023,7,5,5,4
147,2023-07-16 06:46:19.364101,Sunday,28,30,0,30.0,10,20.0,66.67,2023,7,5,3,2
148,2023-07-16 15:56:17.394191,Sunday,28,45,10,40.5,18,22.5,55.56,2023,7,1,2,2
149,2023-07-18 13:00:08.314482,Tuesday,29,45,0,45.0,18,27.0,60.0,2023,7,1,1,2
150,2023-07-20 00:48:20.140274,Thursday,29,60,5,57.0,22,35.0,61.4,2023,7,3,2,2
151,2023-07-20 18:32:52.379847,Thursday,29,60,0,60.0,22,38.0,63.33,2023,7,3,4,2
152,2023-07-20 19:25:48.616151,Thursday,29,120,5,114.0,45,69.0,60.53,2023,7,4,1,2
153,2023-07-22 02:33:34.589330,Saturday,29,120,5,114.0,45,69.0,60.53,2023,7,4,4,4
154,2023-07-24 11:58:25.382553,Monday,30,30,5,28.5,10,18.5,64.91,2023,7,5,2,3
155,2023-07-24 12:55:25.327435,Monday,30,60,5,57.0,22,35.0,61.4,2023,7,3,4,1
156,2023-07-25 01:38:20.441018,Tuesday,30,120,0,120.0,45,75.0,62.5,2023,7,4,2,2
157,2023-07-30 06:19:14.288159,Sunday,30,60,0,60.0,22,38.0,63.33,2023,7,3,1,2
158,2023-07-30 19:29:20.276669,Sunday,30,45,0,45.0,18,27.0,60.0,2023,7,1,5,2
159,2023-07-31 03:46:47.920520,Monday,31,30,0,30.0,10,20.0,66.67,2023,7,5,3,4
160,2023-07-31 22:34:43.366837,Monday,31,45,0,45.0,18,27.0,60.0,2023,7,1,1,3
161,2023-08-01 05:13:37.934727,Tuesday,31,120,0,120.0,45,75.0,62.5,2023,8,4,5,2
162,2023-08-03 15:09:09.302520,Thursday,31,25,15,21.25,8,13.25,62.35,2023,8,2,2,5
163,2023-08-06 14:00:21.742355,Sunday,31,45,0,45.0,18,27.0,60.0,2023,8,1,5,2
164,2023-08-12 06:55:09.780977,Saturday,32,25,5,23.75,8,15.75,66.32,2023,8,2,3,4
165,2023-08-13 01:39:28.164452,Sunday,32,25,0,25.0,8,17.0,68.0,2023,8,2,2,3
166,2023-08-16 21:45:13.626942,Wednesday,33,30,5,28.5,10,18.5,64.91,2023,8,5,1,1
167,2023-08-18 02:26:21.184994,Friday,33,45,10,40.5,18,22.5,55.56,2023,8,1,1,3
168,2023-08-22 04:49:13.663770,Tuesday,34,25,0,25.0,8,17.0,68.0,2023,8,2,2,1
169,2023-08-22 10:29:51.016454,Tuesday,34,30,0,30.0,10,20.0,66.67,2023,8,5,4,2
170,2023-08-22 18:55:30.286380,Tuesday,34,60,5,57.0,22,35.0,61.4,2023,8,3,1,1
171,2023-08-24 20:12:27.087431,Thursday,34,30,0,30.0,10,20.0,66.67,2023,8,5,1,2
172,2023-08-25 21:11:31.241812,Friday,34,60,0,60.0,22,38.0,63.33,2023,8,3,3,1
173,2023-08-28 16:16:53.388936,Monday,35,30,0,30.0,10,20.0,66.67,2023,8,5,6,4
174,2023-08-29 07:45:29.800669,Tuesday,35,30,0,30.0,10,20.0,66.67,2023,8,5,2,1
175,2023-09-07 00:20:27.863448,Thursday,36,60,0,60.0,22,38.0,63.33,2023,9,3,1,4
176,2023-09-08 04:56:45.157203,Friday,36,30,0,30.0,10,20.0,66.67,2023,9,5,1,4
177,2023-09-12 05:11:47.146588,Tuesday,37,45,0,45.0,18,27.0,60.0,2023,9,1,1,4
178,2023-09-15 19:54:15.765560,Friday,37,45,0,45.0,18,27.0,60.0,2023,9,1,5,3
179,2023-09-16 12:22:26.703511,Saturday,37,60,10,54.0,22,32.0,59.26,2023,9,3,1,2
180,2023-09-16 21:34:25.882897,Saturday,37,25,0,25.0,8,17.0,68.0,2023,9,2,4,2
181,2023-09-25 05:47:20.294438,Monday,39,25,10,22.5,8,14.5,64.44,2023,9,2,1,2
182,2023-09-26 10:08:03.939111,Tuesday,39,45,0,45.0,18,27.0,60.0,2023,9,1,4,2
183,2023-09-26 21:57:06.695289,Tuesday,39,45,0,45.0,18,27.0,60.0,2023,9,1,4,1
184,2023-09-27 14:41:50.981132,Wednesday,39,45,0,45.0,18,27.0,60.0,2023,9,1,3,2
185,2023-09-28 08:47:53.628353,Thursday,39,30,0,30.0,10,20.0,66.67,2023,9,5,1,5
186,2023-09-29 11:56:39.916370,Friday,39,30,0,30.0,10,20.0,66.67,2023,9,5,1,2
187,2023-10-01 19:52:10.292092,Sunday,39,30,0,30.0,10,20.0,66.67,2023,10,5,1,2
188,2023-10-02 10:33:23.284982,Monday,40,30,0,30.0,10,20.0,66.67,2023,10,5,5,3
189,2023-10-02 11:06:21.313408,Monday,40,120,0,120.0,45,75.0,62.5,2023,10,4,5,3
190,2023-10-02 17:05:51.116760,Monday,40,45,0,45.0,18,27.0,60.0,2023,10,1,4,4
191,2023-10-05 16:18:37.213280,Thursday,40,30,0,30.0,10,20.0,66.67,2023,10,5,4,4
192,2023-10-06 20:49:57.550715,Friday,40,60,0,60.0,22,38.0,63.33,2023,10,3,4,3
193,2023-10-07 04:37:50.860825,Saturday,40,30,5,28.5,10,18.5,64.91,2023,10,5,1,2
194,2023-10-07 14:28:02.769434,Saturday,40,25,0,25.0,8,17.0,68.0,2023,10,2,5,5
195,2023-10-08 18:31:41.091499,Sunday,40,60,0,60.0,22,38.0,63.33,2023,10,3,2,5
196,2023-10-09 21:35:59.150900,Monday,41,120,15,102.0,45,57.0,55.88,2023,10,4,2,3
197,2023-10-11 00:11:30.352468,Wednesday,41,45,0,45.0,18,27.0,60.0,2023,10,1,2,2
198,2023-10-11 06:13:56.306370,Wednesday,41,120,0,120.0,45,75.0,62.5,2023,10,4,1,3
199,2023-10-11 22:58:16.858251,Wednesday,41,30,15,25.5,10,15.5,60.78,2023,10,5,1,2
200,2023-10-13 03:28:32.447129,Friday,41,45,0,45.0,18,27.0,60.0,2023,10,1,3,2
201,2023-10-13 09:53:27.586398,Friday,41,30,0,30.0,10,20.0,66.67,2023,10,5,1,2
202,2023-10-14 12:24:29.808392,Saturday,41,120,0,120.0,45,75.0,62.5,2023,10,4,4,4
203,2023-10-17 04:32:28.243598,Tuesday,42,30,0,30.0,10,20.0,66.67,2023,10,5,1,1
204,2023-10-18 02:52:15.931448,Wednesday,42,45,0,45.0,18,27.0,60.0,2023,10,1,2,3
205,2023-10-20 12:47:29.256416,Friday,42,25,0,25.0,8,17.0,68.0,2023,10,2,1,3
206,2023-10-22 11:32:26.657026,Sunday,42,45,0,45.0,18,27.0,60.0,2023,10,1,2,4
207,2023-10-23 04:28:57.480884,Monday,43,45,0,45.0,18,27.0,60.0,2023,10,1,3,2
208,2023-10-24 06:48:55.055549,Tuesday,43,45,15,38.25,18,20.25,52.94,2023,10,1,1,2
209,2023-10-24 07:29:22.105340,Tuesday,43,45,5,42.75,18,24.75,57.89,2023,10,1,4,5
210,2023-10-25 21:45:44.665906,Wednesday,43,45,0,45.0,18,27.0,60.0,2023,10,1,2,2
211,2023-10-26 12:05:29.401852,Thursday,43,45,0,45.0,18,27.0,60.0,2023,10,1,4,1
212,2023-10-27 14:36:27.273095,Friday,43,25,0,25.0,8,17.0,68.0,2023,10,2,5,4
213,2023-10-27 21:03:58.371512,Friday,43,45,0,45.0,18,27.0,60.0,2023,10,1,3,4
214,2023-10-30 16:15:19.814794,Monday,44,45,0,45.0,18,27.0,60.0,2023,10,1,1,3
215,2023-10-31 03:21:05.166718,Tuesday,44,60,0,60.0,22,38.0,63.33,2023,10,3,1,4
216,2023-11-01 00:19:25.475715,Wednesday,44,30,5,28.5,10,18.5,64.91,2023,11,5,1,1
217,2023-11-03 10:58:35.029022,Friday,44,25,0,25.0,8,17.0,68.0,2023,11,2,4,5
218,2023-11-07 07:06:57.377189,Tuesday,45,45,0,45.0,18,27.0,60.0,2023,11,1,1,4
219,2023-11-08 06:04:53.662264,Wednesday,45,45,0,45.0,18,27.0,60.0,2023,11,1,2,2
220,2023-11-11 05:00:49.056788,Saturday,45,45,0,45.0,18,27.0,60.0,2023,11,1,4,4
221,2023-11-11 23:44:54.614918,Saturday,45,45,5,42.75,18,24.75,57.89,2023,11,1,2,5
222,2023-11-12 17:46:58.683410,Sunday,45,45,0,45.0,18,27.0,60.0,2023,11,1,3,2
223,2023-11-16 20:00:11.581227,Thursday,46,45,5,42.75,18,24.75,57.89,2023,11,1,1,4
224,2023-11-19 14:16:44.567387,Sunday,46,45,0,45.0,18,27.0,60.0,2023,11,1,1,4
225,2023-11-19 15:03:40.059139,Sunday,46,45,0,45.0,18,27.0,60.0,2023,11,1,3,3
226,2023-11-20 11:00:01.837326,Monday,47,30,0,30.0,10,20.0,66.67,2023,11,5,2,2
227,2023-11-23 10:52:52.760426,Thursday,47,45,0,45.0,18,27.0,60.0,2023,11,1,4,3
228,2023-11-23 20:49:14.796905,Thursday,47,30,0,30.0,10,20.0,66.67,2023,11,5,2,5
229,2023-11-25 05:00:40.009979,Saturday,47,30,5,28.5,10,18.5,64.91,2023,11,5,1,2
230,2023-11-28 02:38:47.032005,Tuesday,48,25,0,25.0,8,17.0,68.0,2023,11,2,3,2
231,2023-11-28 17:16:03.861539,Tuesday,48,45,0,45.0,18,27.0,60.0,2023,11,1,3,5
232,2023-11-29 19:43:51.716901,Wednesday,48,60,0,60.0,22,38.0,63.33,2023,11,3,4,2
233,2023-11-30 23:59:19.171158,Thursday,48,25,0,25.0,8,17.0,68.0,2023,11,2,1,1
234,2023-12-01 01:43:13.196791,Friday,48,45,0,45.0,18,27.0,60.0,2023,12,1,4,4
235,2023-12-02 19:03:16.915197,Saturday,48,60,15,51.0,22,29.0,56.86,2023,12,3,2,2
236,2023-12-03 06:05:58.865554,Sunday,48,120,5,114.0,45,69.0,60.53,2023,12,4,1,1
237,2023-12-07 02:21:24.462476,Thursday,49,45,10,40.5,18,22.5,55.56,2023,12,1,5,4
238,2023-12-07 07:41:55.154214,Thursday,49,45,0,45.0,18,27.0,60.0,2023,12,1,1,4
239,2023-12-08 17:16:06.007870,Friday,49,60,0,60.0,22,38.0,63.33,2023,12,3,6,2
240,2023-12-11 14:26:25.998245,Monday,50,25,0,25.0,8,17.0,68.0,2023,12,2,2,4
241,2023-12-12 05:44:08.174754,Tuesday,50,45,0,45.0,18,27.0,60.0,2023,12,1,1,2
242,2023-12-12 16:09:41.385992,Tuesday,50,45,5,42.75,18,24.75,57.89,2023,12,1,2,2
243,2023-12-12 20:07:22.171125,Tuesday,50,30,0,30.0,10,20.0,66.67,2023,12,5,5,5
244,2023-12-12 21:46:23.987319,Tuesday,50,30,0,30.0,10,20.0,66.67,2023,12,5,3,2
245,2023-12-13 18:16:01.923491,Wednesday,50,25,0,25.0,8,17.0,68.0,2023,12,2,3,3
246,2023-12-14 11:31:19.305122,Thursday,50,30,0,30.0,10,20.0,66.67,2023,12,5,4,2
247,2023-12-15 00:52:53.145237,Friday,50,30,0,30.0,10,20.0,66.67,2023,12,5,4,3
248,2023-12-15 02:33:11.176699,Friday,50,25,0,25.0,8,17.0,68.0,2023,12,2,3,2
249,2023-12-17 13:10:57.688341,Sunday,50,45,0,45.0,18,27.0,60.0,2023,12,1,1,5
250,2023-12-17 18:15:43.997816,Sunday,50,45,0,45.0,18,27.0,60.0,2023,12,1,2,4
251,2023-12-18 05:38:55.732087,Monday,51,25,0,25.0,8,17.0,68.0,2023,12,2,1,2
252,2023-12-19 06:20:39.283892,Tuesday,51,60,5,57.0,22,35.0,61.4,2023,12,3,6,2
253,2023-12-19 10:16:08.276043,Tuesday,51,30,5,28.5,10,18.5,64.91,2023,12,5,5,2
254,2023-12-21 16:47:22.232813,Thursday,51,30,10,27.0,10,17.0,62.96,2023,12,5,1,4
255,2023-12-21 21:07:38.456083,Thursday,51,45,5,42.75,18,24.75,57.89,2023,12,1,3,2
256,2023-12-22 23:18:01.240279,Friday,51,30,0,30.0,10,20.0,66.67,2023,12,5,5,1
257,2023-12-26 01:21:33.626533,Tuesday,52,30,0,30.0,10,20.0,66.67,2023,12,5,1,4
258,2023-12-26 15:31:16.855445,Tuesday,52,45,0,45.0,18,27.0,60.0,2023,12,1,4,2
259,2023-12-27 08:25:51.381235,Wednesday,52,45,0,45.0,18,27.0,60.0,2023,12,1,5,4
260,2023-12-27 11:13:35.128233,Wednesday,52,30,5,28.5,10,18.5,64.91,2023,12,5,1,3
261,2023-12-28 17:41:31.251028,Thursday,52,45,0,45.0,18,27.0,60.0,2023,12,1,4,2
262,2023-12-29 06:31:37.856611,Friday,52,45,10,40.5,18,22.5,55.56,2023,12,1,1,2
263,2024-01-02 23:39:51.167544,Tuesday,1,45,0,45.0,18,27.0,60.0,2024,1,1,5,2
264,2024-01-05 22:48:12.231293,Friday,1,45,0,45.0,18,27.0,60.0,2024,1,1,6,3
265,2024-01-08 22:07:14.731853,Monday,2,45,0,45.0,18,27.0,60.0,2024,1,1,5,3
266,2024-01-09 14:11:22.485895,Tuesday,2,60,5,57.0,22,35.0,61.4,2024,1,3,2,4
267,2024-01-13 06:02:53.232341,Saturday,2,30,0,30.0,10,20.0,66.67,2024,1,5,5,1
268,2024-01-13 18:35:40.814034,Saturday,2,25,0,25.0,8,17.0,68.0,2024,1,2,3,1
269,2024-01-16 00:02:45.587947,Tuesday,3,60,0,60.0,22,38.0,63.33,2024,1,3,2,4
270,2024-01-16 00:46:28.040264,Tuesday,3,30,0,30.0,10,20.0,66.67,2024,1,5,3,1
271,2024-01-16 13:41:39.372007,Tuesday,3,45,0,45.0,18,27.0,60.0,2024,1,1,1,2
272,2024-01-19 06:34:26.254506,Friday,3,30,0,30.0,10,20.0,66.67,2024,1,5,4,2
273,2024-01-19 13:21:05.171641,Friday,3,30,0,30.0,10,20.0,66.67,2024,1,5,1,2
274,2024-01-19 20:21:37.574505,Friday,3,25,0,25.0,8,17.0,68.0,2024,1,2,1,2
275,2024-01-20 04:43:57.321537,Saturday,3,30,0,30.0,10,20.0,66.67,2024,1,5,1,4
276,2024-01-21 22:39:31.081605,Sunday,3,45,0,45.0,18,27.0,60.0,2024,1,1,4,5
277,2024-01-22 14:34:59.013982,Monday,4,45,0,45.0,18,27.0,60.0,2024,1,1,2,2
278,2024-01-24 20:23:47.459537,Wednesday,4,30,0,30.0,10,20.0,66.67,2024,1,5,3,2
279,2024-01-25 10:21:34.890372,Thursday,4,25,0,25.0,8,17.0,68.0,2024,1,2,1,4
280,2024-01-26 04:03:53.895822,Friday,4,30,0,30.0,10,20.0,66.67,2024,1,5,2,5
281,2024-01-30 11:00:45.066192,Tuesday,5,30,10,27.0,10,17.0,62.96,2024,1,5,2,2
282,2024-02-01 08:55:23.577296,Thursday,5,120,0,120.0,45,75.0,62.5,2024,2,4,3,4
283,2024-02-01 10:42:03.013566,Thursday,5,25,0,25.0,8,17.0,68.0,2024,2,2,2,2
284,2024-02-02 14:32:49.315955,Friday,5,45,0,45.0,18,27.0,60.0,2024,2,1,4,2
285,2024-02-03 00:54:35.748033,Saturday,5,45,0,45.0,18,27.0,60.0,2024,2,1,5,5
286,2024-02-03 08:45:33.699391,Saturday,5,45,5,42.75,18,24.75,57.89,2024,2,1,4,5
287,2024-02-04 16:02:55.008588,Sunday,5,45,0,45.0,18,27.0,60.0,2024,2,1,1,2
288,2024-02-07 21:24:04.306973,Wednesday,6,45,0,45.0,18,27.0,60.0,2024,2,1,1,5
289,2024-02-09 11:01:55.081384,Friday,6,45,0,45.0,18,27.0,60.0,2024,2,1,5,4
290,2024-02-12 14:01:24.141600,Monday,7,45,0,45.0,18,27.0,60.0,2024,2,1,1,1
291,2024-02-17 12:44:31.630085,Saturday,7,45,0,45.0,18,27.0,60.0,2024,2,1,5,4
292,2024-02-18 18:48:55.553490,Sunday,7,60,5,57.0,22,35.0,61.4,2024,2,3,2,4
293,2024-02-20 09:19:38.197473,Tuesday,8,45,0,45.0,18,27.0,60.0,2024,2,1,5,4
294,2024-02-20 20:15:48.381363,Tuesday,8,30,0,30.0,10,20.0,66.67,2024,2,5,3,3
295,2024-02-25 09:59:43.871295,Sunday,8,30,0,30.0,10,20.0,66.67,2024,2,5,6,2
296,2024-02-25 22:45:14.134048,Sunday,8,120,10,108.0,45,63.0,58.33,2024,2,4,2,2
297,2024-02-26 02:43:35.842701,Monday,9,45,0,45.0,18,27.0,60.0,2024,2,1,3,2
298,2024-02-26 15:29:43.644708,Monday,9,30,5,28.5,10,18.5,64.91,2024,2,5,2,3
299,2024-02-28 05:20:25.862367,Wednesday,9,120,0,120.0,45,75.0,62.5,2024,2,4,2,2
300,2024-03-01 19:29:20.950506,Friday,9,60,0,60.0,22,38.0,63.33,2024,3,3,4,3
301,2024-03-04 16:56:44.873139,Monday,10,60,0,60.0,22,38.0,63.33,2024,3,3,5,5
302,2024-03-09 23:12:26.357795,Saturday,10,45,0,45.0,18,27.0,60.0,2024,3,1,6,2
303,2024-03-10 04:07:11.626497,Sunday,10,45,0,45.0,18,27.0,60.0,2024,3,1,3,3
304,2024-03-10 12:04:01.705046,Sunday,10,25,5,23.75,8,15.75,66.32,2024,3,2,2,4
305,2024-03-11 20:51:36.090650,Monday,11,120,0,120.0,45,75.0,62.5,2024,3,4,2,1
306,2024-03-13 23:59:21.248883,Wednesday,11,30,0,30.0,10,20.0,66.67,2024,3,5,3,2
307,2024-03-14 19:19:08.024470,Thursday,11,30,0,30.0,10,20.0,66.67,2024,3,5,1,3
308,2024-03-16 20:41:44.855772,Saturday,11,45,10,40.5,18,22.5,55.56,2024,3,1,1,1
309,2024-03-17 05:36:34.033724,Sunday,11,60,5,57.0,22,35.0,61.4,2024,3,3,2,5
310,2024-03-17 09:14:19.858985,Sunday,11,45,0,45.0,18,27.0,60.0,2024,3,1,1,3
311,2024-03-17 21:52:06.893006,Sunday,11,45,15,38.25,18,20.25,52.94,2024,3,1,1,4
312,2024-03-18 07:43:33.325954,Monday,12,30,0,30.0,10,20.0,66.67,2024,3,5,1,4
313,2024-03-20 16:47:41.985043,Wednesday,12,30,0,30.0,10,20.0,66.67,2024,3,5,1,1
314,2024-03-21 05:48:23.610500,Thursday,12,45,0,45.0,18,27.0,60.0,2024,3,1,1,4
315,2024-03-22 04:52:46.961172,Friday,12,45,5,42.75,18,24.75,57.89,2024,3,1,6,2
316,2024-03-22 15:15:55.773534,Friday,12,25,0,25.0,8,17.0,68.0,2024,3,2,2,5
317,2024-03-25 03:21:27.888783,Monday,13,45,0,45.0,18,27.0,60.0,2024,3,1,2,3
318,2024-03-28 11:46:34.751737,Thursday,13,30,0,30.0,10,20.0,66.67,2024,3,5,4,3
319,2024-03-30 12:19:42.114175,Saturday,13,45,10,40.5,18,22.5,55.56,2024,3,1,1,2
320,2024-04-01 01:48:14.047925,Monday,14,30,0,30.0,10,20.0,66.67,2024,4,5,5,3
321,2024-04-01 10:41:00.597091,Monday,14,30,0,30.0,10,20.0,66.67,2024,4,5,3,2
322,2024-04-06 07:14:45.869797,Saturday,14,45,0,45.0,18,27.0,60.0,2024,4,1,1,3
323,2024-04-08 16:13:24.856017,Monday,15,45,0,45.0,18,27.0,60.0,2024,4,1,2,2
324,2024-04-09 17:17:41.796805,Tuesday,15,45,0,45.0,18,27.0,60.0,2024,4,1,5,3
325,2024-04-10 17:50:09.255999,Wednesday,15,45,10,40.5,18,22.5,55.56,2024,4,1,5,5
326,2024-04-12 01:57:19.774369,Friday,15,120,0,120.0,45,75.0,62.5,2024,4,4,2,2
327,2024-04-12 15:26:34.364154,Friday,15,45,0,45.0,18,27.0,60.0,2024,4,1,4,5
328,2024-04-14 23:00:48.826768,Sunday,15,60,0,60.0,22,38.0,63.33,2024,4,3,1,4
329,2024-04-16 06:06:26.253626,Tuesday,16,45,5,42.75,18,24.75,57.89,2024,4,1,6,1
330,2024-04-17 22:22:19.971245,Wednesday,16,25,0,25.0,8,17.0,68.0,2024,4,2,1,3
331,2024-04-18 10:06:56.385625,Thursday,16,60,0,60.0,22,38.0,63.33,2024,4,3,5,4
332,2024-04-20 19:37:10.465751,Saturday,16,30,5,28.5,10,18.5,64.91,2024,4,5,4,3
333,2024-04-24 00:39:17.592136,Wednesday,17,30,5,28.5,10,18.5,64.91,2024,4,5,4,1
334,2024-04-24 01:05:48.244358,Wednesday,17,30,5,28.5,10,18.5,64.91,2024,4,5,2,4
335,2024-04-29 08:22:49.812852,Monday,18,45,10,40.5,18,22.5,55.56,2024,4,1,1,2
336,2024-04-29 10:02:08.803393,Monday,18,120,0,120.0,45,75.0,62.5,2024,4,4,1,3
337,2024-04-30 22:37:47.997039,Tuesday,18,60,5,57.0,22,35.0,61.4,2024,4,3,1,1
338,2024-05-02 01:22:41.012547,Thursday,18,120,0,120.0,45,75.0,62.5,2024,5,4,1,3
339,2024-05-02 08:05:35.218366,Thursday,18,45,5,42.75,18,24.75,57.89,2024,5,1,3,3
340,2024-05-03 13:49:03.360014,Friday,18,25,0,25.0,8,17.0,68.0,2024,5,2,2,4
341,2024-05-04 06:22:49.419111,Saturday,18,120,5,114.0,45,69.0,60.53,2024,5,4,1,1
342,2024-05-04 19:43:58.247107,Saturday,18,45,0,45.0,18,27.0,60.0,2024,5,1,6,2
343,2024-05-04 21:06:55.051993,Saturday,18,45,0,45.0,18,27.0,60.0,2024,5,1,5,4
344,2024-05-05 14:39:14.711252,Sunday,18,25,0,25.0,8,17.0,68.0,2024,5,2,5,2
345,2024-05-06 15:04:41.595846,Monday,19,30,15,25.5,10,15.5,60.78,2024,5,5,6,2
346,2024-05-09 07:42:53.323892,Thursday,19,60,10,54.0,22,32.0,59.26,2024,5,3,1,2
347,2024-05-10 12:45:03.867579,Friday,19,45,0,45.0,18,27.0,60.0,2024,5,1,2,2
348,2024-05-10 21:54:58.210945,Friday,19,60,0,60.0,22,38.0,63.33,2024,5,3,3,3
349,2024-05-11 11:44:04.375825,Saturday,19,45,0,45.0,18,27.0,60.0,2024,5,1,4,2
350,2024-05-13 15:06:15.122520,Monday,20,45,0,45.0,18,27.0,60.0,2024,5,1,1,4
351,2024-05-14 12:22:58.690016,Tuesday,20,45,5,42.75,18,24.75,57.89,2024,5,1,3,2
352,2024-05-18 08:14:23.912675,Saturday,20,60,0,60.0,22,38.0,63.33,2024,5,3,1,2
353,2024-05-19 21:11:06.626120,Sunday,20,25,0,25.0,8,17.0,68.0,2024,5,2,1,2
354,2024-05-21 20:41:11.198938,Tuesday,21,30,5,28.5,10,18.5,64.91,2024,5,5,2,2
355,2024-05-22 14:45:28.930669,Wednesday,21,30,0,30.0,10,20.0,66.67,2024,5,5,4,4
356,2024-05-26 03:22:19.778170,Sunday,21,60,0,60.0,22,38.0,63.33,2024,5,3,4,3
357,2024-05-26 10:54:35.180662,Sunday,21,30,0,30.0,10,20.0,66.67,2024,5,5,1,4
358,2024-05-27 23:11:38.868926,Monday,22,60,0,60.0,22,38.0,63.33,2024,5,3,5,4
359,2024-05-28 08:46:37.501078,Tuesday,22,30,0,30.0,10,20.0,66.67,2024,5,5,1,2
360,2024-05-28 11:46:09.441698,Tuesday,22,30,0,30.0,10,20.0,66.67,2024,5,5,1,1
361,2024-05-29 00:57:17.475147,Wednesday,22,30,0,30.0,10,20.0,66.67,2024,5,5,5,4
362,2024-05-29 19:53:19.536251,Wednesday,22,45,5,42.75,18,24.75,57.89,2024,5,1,6,4
363,2024-06-02 02:11:45.888604,Sunday,22,25,0,25.0,8,17.0,68.0,2024,6,2,5,2
364,2024-06-03 02:09:36.976304,Monday,23,30,5,28.5,10,18.5,64.91,2024,6,5,3,2
365,2024-06-04 20:16:48.262951,Tuesday,23,45,0,45.0,18,27.0,60.0,2024,6,1,4,2
366,2024-06-05 08:33:16.696118,Wednesday,23,60,0,60.0,22,38.0,63.33,2024,6,3,4,2
367,2024-06-08 19:26:28.134055,Saturday,23,30,0,30.0,10,20.0,66.67,2024,6,5,1,4
368,2024-06-09 11:54:33.670517,Sunday,23,30,0,30.0,10,20.0,66.67,2024,6,5,2,4
369,2024-06-09 14:32:41.373382,Sunday,23,120,0,120.0,45,75.0,62.5,2024,6,4,2,4
370,2024-06-10 03:16:34.247199,Monday,24,25,15,21.25,8,13.25,62.35,2024,6,2,1,3
371,2024-06-11 05:38:31.781072,Tuesday,24,45,0,45.0,18,27.0,60.0,2024,6,1,3,1
372,2024-06-11 19:02:41.095494,Tuesday,24,120,0,120.0,45,75.0,62.5,2024,6,4,2,3
373,2024-06-13 09:26:13.064016,Thursday,24,25,5,23.75,8,15.75,66.32,2024,6,2,1,5
374,2024-06-13 13:41:55.329831,Thursday,24,45,0,45.0,18,27.0,60.0,2024,6,1,1,2
375,2024-06-14 14:13:56.683112,Friday,24,45,0,45.0,18,27.0,60.0,2024,6,1,4,2
376,2024-06-15 06:19:49.114114,Saturday,24,60,0,60.0,22,38.0,63.33,2024,6,3,1,2
377,2024-06-16 19:33:56.337397,Sunday,24,25,0,25.0,8,17.0,68.0,2024,6,2,5,4
378,2024-06-22 03:57:48.782395,Saturday,25,30,0,30.0,10,20.0,66.67,2024,6,5,2,1
379,2024-06-22 20:09:59.101967,Saturday,25,60,0,60.0,22,38.0,63.33,2024,6,3,2,2
380,2024-06-24 13:39:56.346359,Monday,26,60,5,57.0,22,35.0,61.4,2024,6,3,4,5
